,repository_name,language
0,.github,
1,aioshumway,Python
2,android-auth,HTML
3,android-sdk,HTML
4,android-store-service,Python
5,annoy,C++
6,annoy-java,Java
7,apollo,Java
8,apollo-elide,Java
9,apollo-metrics,
10,apps-tutorial,
11,async-datastore-client,Java
12,async-google-pubsub-client,Java
13,backup-utils,Shell
14,basic-pitch,Python
15,basic-pitch-ts,TypeScript
16,batty,Python
17,bazel-tools,Java
18,beam,Java
19,big-data-rosetta-code,Scala
20,bigtable-autoscaler,Java
21,boilerplate-app,
22,bucket-runner,JavaScript
23,cartography,Python
24,cassandra-extra,Java
25,cassandra-medusa,Python
26,cassandra-opstools,Java
27,cassandra-reaper,
28,certcheck,Python
29,chartify,Python
30,code-of-conduct,
31,collectd,C
32,comet,Python
33,comet-common,Python
34,comet-core,Python
35,completable-futures,Java
36,condor,Java
37,confidence,Python
38,container-agent,Python
39,cookiecutter-golang,Go
40,coordinator,HTML
41,crtauth,Python
42,crtauth-java,Java
43,crtauth-java-agent-signer-apache,Java
44,crunch-lib,Java
45,cstar,Python
46,daemon-java,Java
47,dataenum,Java
48,DataflowJavaSDK,Java
49,dataproc-java-submitter,Java
50,dataprocxy,Python
51,dbeam,Java
52,debify,Shell
53,dh-virtualenv,Python
54,diffuser,Swift
55,dns-java,Java
56,docgenerator,Java
57,docker-alpine,
58,docker-bigtable,Go
59,docker-cassandra,Shell
60,docker-client,Java
61,docker-gc,Shell
62,docker-kafka,Shell
63,docker-maven-plugin,Java
64,docker-stress,Python
65,dockerfile-maven,Java
66,dockerfile-mode,Emacs Lisp
67,docker_interface,Python
68,drserv,Python
69,druid,
70,duck,Ruby
71,echoprint-codegen,C++
72,echoprint-server,Java
73,elasticsearch-index-window,Java
74,elitzur,Scala
75,eslint-config-oss,JavaScript
76,etcd,Go
77,featran,Scala
78,ffwd,Java
79,ffwd-client-java,Java
80,ffwd-http-client,Java
81,ffwd-ruby,Ruby
82,flink,Java
83,flink-docker,
84,flink-on-k8s-operator,Go
85,flo,Java
86,flume-syslog-source2,Java
87,flyte-flink-plugin,Go
88,fmt-maven-plugin,Java
89,folsom,Java
